{"cameraMode":{"drawMode":0,"name":"Shaded","section":"Shading Mode"},"sceneLighting":true,"audioPlay":false,"sceneViewState":{"m_AlwaysRefresh":false,"showFog":true,"showSkybox":true,"showFlares":true,"showImageEffects":true,"showParticleSystems":true,"showVisualEffectGraphs":true,"m_FxEnabled":true},"in2DMode":false,"pivot":{"x":1.469193935394287,"y":-0.5520470142364502,"z":0.1366720199584961},"rotation":{"x":-0.09258434176445008,"y":0.26894477009773257,"z":-0.025982316583395006,"w":-0.9583443999290466},"size":2.6995482444763185,"orthographic":false}